{"cameraMode":{"drawMode":0,"name":"Shaded","section":"Shading Mode"},"sceneLighting":false,"audioPlay":false,"sceneViewState":{"showFog":true,"showMaterialUpdate":false,"showSkybox":true,"showFlares":true,"showImageEffects":true,"showParticleSystems":true},"in2DMode":false,"pivot":{"x":-0.01127767562866211,"y":1.0,"z":10.348340034484864},"rotation":{"x":0.11653486639261246,"y":0.20551900565624238,"z":-0.024655409157276155,"w":0.9713771939277649},"size":17.147302627563478,"orthographic":true}